name,company,role,industry,linkedin_about,pain_point,lead_score,priority,score_reason,decision_trace,outreach_message
Rahul Mehta,Acme Tech,CTO,SaaS,Building cloud-native SaaS products,Scaling engineering teams efficiently,9,High,"Senior CTO of a SaaS company with a focus on cloud-native products, expressing a need for efficient scaling of engineering teams – an ideal fit for AI-driven solutions.","Score 9/10 (High) because senior cto of a saas company with a focus on cloud-native products, expressing a need for efficient scaling of engineering teams – an ideal fit for ai-driven solutions.. Outreach generated.","Hi Rahul,

As a fellow tech leader in the dynamic SaaS industry, I appreciate your focus on building cloud-native solutions and scaling engineering teams efficiently. It's not easy balancing innovation with team growth, and I've found many teams struggle to do so effectively.

I'd like to introduce you to our AI-powered technology that's helping organizations like Acme Tech streamline their processes, reduce costs, and increase productivity. Would you be open to a quick conversation to discuss how we might assist your team in reaching its goals?

Looking forward to connecting.

Best regards,
[Your Name]"
Ananya Singh,FinEdge,Head of Engineering,FinTech,Leading fintech platform development,Hiring vetted developers quickly,9,High,"Senior Head of Engineering in FinTech industry facing a pressing need for quick hiring of vetted developers, making them an ideal fit for AI-driven solutions.","Score 9/10 (High) because senior head of engineering in fintech industry facing a pressing need for quick hiring of vetted developers, making them an ideal fit for ai-driven solutions.. Outreach generated.","Hello Ananya Singh,

As the Head of Engineering at FinEdge in the ever-evolving FinTech industry, I understand the challenges that come with hiring vetted developers to keep your platform ahead of competitors. I've noticed that many teams in your industry face similar struggles when it comes to filling critical developer roles quickly without compromising on quality.

I'd like to introduce you to our AI-powered technology solution designed to streamline the recruitment process and help you find top talent faster. Would you be open to a quick 15-minute call to discuss how we might assist in addressing your hiring needs?

Best regards,
[Your Name]"
